{"file_hashes":[{"block_hashes":["HjvGvnZ5p6kxYslEQgxkDvn1PgmOhofvbFwvSZxfG6M=","/SMZORoDrUPzRkMu4R/RXBmOjXNEH2AVq0S8vtuGG3w=","vHDt8doAdGNrRmFWq/vHApRklxaIYgCxdFULFQEcH+I="],"block_size":4096,"path":"_locales/be/messages.json"},{"block_hashes":["TKYZyAe8pyJ36qzlLtCOllqdlE6smM7b9UFCrlxmngk="],"block_size":4096,"path":"background.html"},{"block_hashes":["Y8PThesaVOtiF0XQxdA12g7Q8bY7CPOpDUVDX7Hi8qU="],"block_size":4096,"path":"images/0.png"},{"block_hashes":["6IneKLUZxwd2WKBVfbpt7m7IXXEGZFIKZxurjK/2Zjk="],"block_size":4096,"path":"images/1.png"},{"block_hashes":["B0+mZ+c+7Zy3qolRFYDagcGV5DF0xeliFOWySt3++f0="],"block_size":4096,"path":"images/10.png"},{"block_hashes":["T+dxMQ8k0jcEbvoBc61vE+SJA1VO3HFAqMpaZ89IssA="],"block_size":4096,"path":"images/2.png"},{"block_hashes":["X/2qIZLTgP75qRytITw1HlEwTGedg6WHSralUSDsGss="],"block_size":4096,"path":"images/3.png"},{"block_hashes":["0sldAZ55HfZAsdIjXUck3CMFLsOpWuYznkMRH8YPFDs="],"block_size":4096,"path":"images/4.png"},{"block_hashes":["ECWtx/4+V45fRHCJ5OM5X+H5N0m5xYhsWmraEeDrvaA="],"block_size":4096,"path":"images/5.png"},{"block_hashes":["o3q7LEOslWNqbfnIdpE6t7fczghO6OY+8eDvv5fySEc="],"block_size":4096,"path":"images/6.png"},{"block_hashes":["cbWuXkKG36bjJDM3Q/uhciQJlnl0WkQEJMl1S4k2jkc="],"block_size":4096,"path":"images/7.png"},{"block_hashes":["HqGBU1OWxHr6i0jfDdBoEHYWBioXJnwJ8knVZXc5N50="],"block_size":4096,"path":"images/8.png"},{"block_hashes":["DSIMEqc2R3+tgpLpbpSnKztjflUVxL3YOI3Mfnr0xV4="],"block_size":4096,"path":"images/9.png"},{"block_hashes":["5v5NOyyayc+1SSj76HbxG3gagRWjqGdPVTCSM+FODWU="],"block_size":4096,"path":"images/bg.png"},{"block_hashes":["dMcVmz3Dp4qVaiGCA9AQTRgZPutqCJBcwGnVkDbcwWw="],"block_size":4096,"path":"images/bg2.png"},{"block_hashes":["c5fKSdLa8JKQvOxoCEURBVM/0AmtVuybN5L2yV5gMhI="],"block_size":4096,"path":"images/bg_dots.png"},{"block_hashes":["nD9gfhVzfwmPVuvtwd0sjwYlKIqoqTKBLaaL7/WZDG8="],"block_size":4096,"path":"images/email.png"},{"block_hashes":["LcWKH81llXFA+ga6my8b0bNkNyTO8JBeI+FWGls9+ls="],"block_size":4096,"path":"images/flags/ABW.png"},{"block_hashes":["wQVPuNlZWUiqlrxXyatvtrN3DS7n4Jun5GsJshv1G80="],"block_size":4096,"path":"images/flags/AFG.png"},{"block_hashes":["SbClAAVEBBe9Z50D1NePm6DRxFcoXJfpTzblax6LYjs="],"block_size":4096,"path":"images/flags/AGO.png"},{"block_hashes":["chVCgYsA4Zf+oEMDsK/CR2MBfBS4zXkd+vCEEdmpnK4="],"block_size":4096,"path":"images/flags/AIA.png"},{"block_hashes":["UF9yMLjUT6p8eAyF6IW4l+juFla+Z20bHFYGZfqCjG8="],"block_size":4096,"path":"images/flags/ALA.png"},{"block_hashes":["P3J4wMQnK2/2UpPBjNu34uJy9Z2r4WYZwiBR0xnvROA="],"block_size":4096,"path":"images/flags/ALB.png"},{"block_hashes":["it7k1mXIEZ7E9a1cQ6moVFDgABwnW2oO4Xj/v5XEwEM="],"block_size":4096,"path":"images/flags/AND.png"},{"block_hashes":["TJvYVI36WP355qxwP5TIuW2BNsQrBvvcji2IF+WS/94="],"block_size":4096,"path":"images/flags/ANT.png"},{"block_hashes":["byDYZoQcRRR4KkYULfIrcLjal4PFE+PUHY8zE0g/440="],"block_size":4096,"path":"images/flags/ARE.png"},{"block_hashes":["d2+7BgD5nM3ETi7n+LZVmYjEQ/OnVHklhbG3AIqu25E="],"block_size":4096,"path":"images/flags/ARG.png"},{"block_hashes":["401OeWHn6ZR3Xd36mU5Nn3CYdmNNNvrP9rrHAVVZfCM="],"block_size":4096,"path":"images/flags/ARM.png"},{"block_hashes":["PvfxuCsvKMrgx98WPFzpIn7zckTahRGDdIafxfLgWGg="],"block_size":4096,"path":"images/flags/ASM.png"},{"block_hashes":["XCY3bJ8mgt1Pd5rk13ca/gkb+k/EK0j6D7/EQt3iL08="],"block_size":4096,"path":"images/flags/ATA.png"},{"block_hashes":["jI1jaDzFuiuFM/an22XKx7E35ZV9N99zTpZjTM0M8uM="],"block_size":4096,"path":"images/flags/ATF.png"},{"block_hashes":["DftcOeKj7r4YtDHPQcjIkqtfEknKoJ1D+h3XOU1IbNc="],"block_size":4096,"path":"images/flags/ATG.png"},{"block_hashes":["p/loO8QkDvlA7j1KrxJ1Fa3TDSWwsheabN7COURjVgM="],"block_size":4096,"path":"images/flags/AUS.png"},{"block_hashes":["o6zDnUth+cwQVsGRdtFVnw2suwWHpwCv2+TYgQQMzVI="],"block_size":4096,"path":"images/flags/AUT.png"},{"block_hashes":["Rdp09MilDPwT/2EukFKn33f64VXiDCtn7DTE49Rtzr4="],"block_size":4096,"path":"images/flags/AZE.png"},{"block_hashes":["8kid+2ZyP4WFgwpR7B/09aUU9bb9i/pCPiiAEY4YunU="],"block_size":4096,"path":"images/flags/BDI.png"},{"block_hashes":["RfdaY/rd6QGPpWmIhMf7CyeI6Pcu4fQFaYuHLVlnQmI="],"block_size":4096,"path":"images/flags/BEL.png"},{"block_hashes":["PreEU86nqsavyppU7IorDUmY30CgxUlFNJkvw49cJAI="],"block_size":4096,"path":"images/flags/BEN.png"},{"block_hashes":["CpGjAayHktxFTdFk7g0QJ5gUxdAC7ev9tqVDa1KoCy0="],"block_size":4096,"path":"images/flags/BES.png"},{"block_hashes":["kGknXWwYqvZ0Y7H/+3ze/hDads2VXuLFAiz/Bu+iQfI="],"block_size":4096,"path":"images/flags/BFA.png"},{"block_hashes":["F01jspGYG7hbxukJdbI9/QU4oor5zZnjUw11Df7fGAc="],"block_size":4096,"path":"images/flags/BGD.png"},{"block_hashes":["xIOKJK04j5NLBNv526Aqi8bp5Y0KEHZHe0e1mHpcLWQ="],"block_size":4096,"path":"images/flags/BGR.png"},{"block_hashes":["2N/V3FFX4wqp4kHkp9E1E97fYIBFtnNnFupsXKQEeFU="],"block_size":4096,"path":"images/flags/BHR.png"},{"block_hashes":["qr9RhkIBBVLeTtJEANXUD6fmvxFCoYP0mJ2tiNfO3l4="],"block_size":4096,"path":"images/flags/BHS.png"},{"block_hashes":["iqucg3WbGhIQQ65VJte9QXTWYSx9DGl2CXMen3uBm2s="],"block_size":4096,"path":"images/flags/BIH.png"},{"block_hashes":["aWWW1iwHpPraHErCoHFrgPTA/XCDcDrle3ochdnp7Zk="],"block_size":4096,"path":"images/flags/BLM.png"},{"block_hashes":["zCth//iYCG3zEbIvBvy0AOZMRifvhJV1WyTi9/PgVCk="],"block_size":4096,"path":"images/flags/BLR.png"},{"block_hashes":["98p1yOFvsqEcsw2fnnAGUFpxlgG4SmE19Hj2Kn/yFPE="],"block_size":4096,"path":"images/flags/BLZ.png"},{"block_hashes":["6Ah/rwP0eCZswnk4IAk5EVVhWvan8+qkeyFxfOjqpAE="],"block_size":4096,"path":"images/flags/BMU.png"},{"block_hashes":["qAK0tLMenIcGLnJXYLBSCDyg0swsztEPRHMWiCicTKU="],"block_size":4096,"path":"images/flags/BOL.png"},{"block_hashes":["3/b02QcpC9vnSBK/c7WQ8mhpTgow5ktLskuAOkez4xk="],"block_size":4096,"path":"images/flags/BRA.png"},{"block_hashes":["k5d4gKmucpQO11YHWLUaG6MtJ6pf0q1co42G/hAGHBo="],"block_size":4096,"path":"images/flags/BRB.png"},{"block_hashes":["Baal2nEL3ZjrHYybCXtoejSs4mjhBr00NymND/yKdHM="],"block_size":4096,"path":"images/flags/BRN.png"},{"block_hashes":["rhDeoqutMUVRA44IdxhXxtZ9NoRId4InXAlNq139oh4="],"block_size":4096,"path":"images/flags/BTN.png"},{"block_hashes":["+NwwI3HICevaPpGDxgYmRgH43YUdKxh4/SXw9qvimIw="],"block_size":4096,"path":"images/flags/BVT.png"},{"block_hashes":["Fm/+5RJZOHNWva3rIs3H0FP8ie9vUa48d01SKk368I4="],"block_size":4096,"path":"images/flags/BWA.png"},{"block_hashes":["pHb39iKKRW12fy+XtztzbO4Bpk8KzawdByHc1glHboo="],"block_size":4096,"path":"images/flags/CAF.png"},{"block_hashes":["OmxfrMhhOUi4GDMQGi/4w6EUgTziQHdYX67iaLj/tUE="],"block_size":4096,"path":"images/flags/CAN.png"},{"block_hashes":["7qf8YiB8/cTJquAr2xki+svtjDPAu26PGQ+dZEshvio="],"block_size":4096,"path":"images/flags/CBR.png"},{"block_hashes":["JdYJBcZUKTBOiVxH37naQkGQ2b4B2SS3XMXLdqG985w="],"block_size":4096,"path":"images/flags/CCK.png"},{"block_hashes":["1dFeb8nWNX5eCBqckrHWdfaYJ5xYOEQkbxmlGTyq0rM="],"block_size":4096,"path":"images/flags/CHE.png"},{"block_hashes":["UWzekovnz0W+3SjLm+0pEDWqkQaiEzWpIsoeCYeo/bY="],"block_size":4096,"path":"images/flags/CHL.png"},{"block_hashes":["cFgjO1vf3UJ56S6d/mS9SmGv1+dtl9ukmM4dV3e5IYU="],"block_size":4096,"path":"images/flags/CHN.png"},{"block_hashes":["SlF5x6VM5DlXgfu1Nbv/sDtL29VgRvkgnU9BWxrVsZw="],"block_size":4096,"path":"images/flags/CIV.png"},{"block_hashes":["PnhddMOiGpmXKjiwIetHXZmUAjm8C8GkAgvHep7PcOE="],"block_size":4096,"path":"images/flags/CMR.png"},{"block_hashes":["0mRkdmtjxMNhghNVyno27yiO9y/WutI0IcaV4d1Sd0M="],"block_size":4096,"path":"images/flags/COD.png"},{"block_hashes":["m4gUuqs8/3nQN+4c9J7NiZPZUWnU2AkNmn0OzPGNJv0="],"block_size":4096,"path":"images/flags/COG.png"},{"block_hashes":["ONm3h9EKr63Yqh3urjQ9/4/uMNIw2G36sU35AC3+ywE="],"block_size":4096,"path":"images/flags/COK.png"},{"block_hashes":["3b2hig46Jy5j8qPnNIk72Ej863aFUFetJjgj7btMpN8="],"block_size":4096,"path":"images/flags/COL.png"},{"block_hashes":["Vp4Bge+awFGJuiqI6+HeCydjulT3N6glHXS1qUYJwtY="],"block_size":4096,"path":"images/flags/COM.png"},{"block_hashes":["ImUNrEtATKMuc/5k35DiGpVeyPZ6PcLvUBNdNCFD2rs="],"block_size":4096,"path":"images/flags/CPV.png"},{"block_hashes":["8i26/I6u4jfKyaNXd+mIGIaOLofke2QLv0xIevwQsH4="],"block_size":4096,"path":"images/flags/CRI.png"},{"block_hashes":["n8coEFkkljSdFOE6TFthuMrnOIvk1dOVrCv5nS8+1Po="],"block_size":4096,"path":"images/flags/CUB.png"},{"block_hashes":["IbEZUi72cGYDbII2qj/e/8h8HS8QIuGeDyGn1BNiElU="],"block_size":4096,"path":"images/flags/CUW.png"},{"block_hashes":["jcDvCuBscXk3rL8Lr9lHzJoMmYS9aDm8a6IsgoV6zUM="],"block_size":4096,"path":"images/flags/CXR.png"},{"block_hashes":["xv6Dq4DsPBry6BskCWc69DoKYQ7swPLoIz0vOIakglU="],"block_size":4096,"path":"images/flags/CYM.png"},{"block_hashes":["vXGYx2WUpu0RR0EqTjfRriWNH9k1jZbe2bUk2+6nvDA="],"block_size":4096,"path":"images/flags/CYP.png"},{"block_hashes":["Dzk2bYj6vm9vXHo8tqERZd5rxrwhCIAsSd9fmEC8ZUE="],"block_size":4096,"path":"images/flags/CZE.png"},{"block_hashes":["MyOBQAb+ZzlJPScFeVSUGDC1nv8366rJlDEOF8Ui3Vc="],"block_size":4096,"path":"images/flags/DEU.png"},{"block_hashes":["S+Qb/XJSgq3EEKI0iMKQAouKQz5hTf+qSdDLKNa7s58="],"block_size":4096,"path":"images/flags/DJI.png"},{"block_hashes":["yRgTqdB1PE+ZUD5xI8G0CyyAWuNhKK+562OEwnXDgZU="],"block_size":4096,"path":"images/flags/DMA.png"},{"block_hashes":["DJITvjpcvF1lYJPKQV0rn1LeBn2O1dfP1wTOjNBWTSw="],"block_size":4096,"path":"images/flags/DNK.png"},{"block_hashes":["UFwxM04D4igPX+Pru8IQ9x9e5yQskCHD1XJ+xBFLW2g="],"block_size":4096,"path":"images/flags/DOM.png"},{"block_hashes":["8uoA2qZmCbqVoY2sE/O6Cj0lIvjtvNEJ5f0l/PEolZE="],"block_size":4096,"path":"images/flags/DZA.png"},{"block_hashes":["qw7MSTbwYj4+KY7m9F2I0gjhO3JFPsG74r4Kvb7+q7s="],"block_size":4096,"path":"images/flags/ECU.png"},{"block_hashes":["5MRLfOinJyDiq4s4uIhfyjbdoE2qFK43kJu9UB2FMHQ="],"block_size":4096,"path":"images/flags/EGY.png"},{"block_hashes":["H32o+paDhsJk9jiYYuXsOAzye1rDITnS7VGiki5zI10="],"block_size":4096,"path":"images/flags/empty.png"},{"block_hashes":["VHBfqIHVvo4aSDn8ojDU9znBnNuymelKtbCkTMF05Xg="],"block_size":4096,"path":"images/flags/empty2.png"},{"block_hashes":["yr5eqjlaaB/VECnvYDRJvzGRS5NPmqpzSGylXsd8Mbo="],"block_size":4096,"path":"images/flags/ERI.png"},{"block_hashes":["Ye2lGuvlQMFiGXZ7XI5kuCHW+FeDLYWUCG+4ccgX/Rk="],"block_size":4096,"path":"images/flags/ESH.png"},{"block_hashes":["6apvz16BTiW3Ri7VlGQ+JZec+cBPOmgZe1dVtHasOKc="],"block_size":4096,"path":"images/flags/ESP.png"},{"block_hashes":["br6PfjPbUwZSoLHGOU7E9QovzAtKMdGrM9tl1oFd0Ic="],"block_size":4096,"path":"images/flags/EST.png"},{"block_hashes":["aZdaQjpaXrHMM8VUdWttl+n1L4JT+BipGQ2xeE5VVY8="],"block_size":4096,"path":"images/flags/ETH.png"},{"block_hashes":["cY7SnUM6b1q9XLJRjalb01E6PLXZhNNuIulhOIqxe34="],"block_size":4096,"path":"images/flags/EUR.png"},{"block_hashes":["VD9Cb7Na0sdhZBpnl3yPrw2UDUBU0NwddDOYfrw6oYE="],"block_size":4096,"path":"images/flags/FIN.png"},{"block_hashes":["vE9fdOYd/jSdy8EQz8sDQtCtsMBSZSgx85ld+mO7m3A="],"block_size":4096,"path":"images/flags/FJI.png"},{"block_hashes":["4L17c55CrqrCaPdxM/xwoijhFVU2YoEcAV0uCC2gVNY="],"block_size":4096,"path":"images/flags/FLK.png"},{"block_hashes":["eaOXk++/ghfvu8hA4bIEH+mVNjpfEvDAHdTRRi5euEI="],"block_size":4096,"path":"images/flags/FRA.png"},{"block_hashes":["W56eQ7H3lpyXpytl3hKv0kKeg9HmRPwh7KSLWaSJ2Co="],"block_size":4096,"path":"images/flags/FRO.png"},{"block_hashes":["jBFa7M3mmdA9USTrMPhTEpzeDwPpTp0lXtoOrp6ljCg="],"block_size":4096,"path":"images/flags/FSM.png"},{"block_hashes":["eFZa2RbOHPhYCGDP9hhHVs+fvwj4DQQZf1Z6jxgfmks="],"block_size":4096,"path":"images/flags/GAB.png"},{"block_hashes":["XXLFqL74D8pvmfR24V7JXOLV5fZcbaue6OVjSL4NOfw="],"block_size":4096,"path":"images/flags/GBR.png"},{"block_hashes":["qRGBiXbQEmE6PNCvpvjpls3/w6MrqC2IiZ5p+8VfZ74="],"block_size":4096,"path":"images/flags/GEO.png"},{"block_hashes":["ytfyaxKd/+aXsK8Qx8Q5X9ZXjB9Wn43EZp38qgJpd/g="],"block_size":4096,"path":"images/flags/GGY.png"},{"block_hashes":["N1+pDuul8Bexv6gz6LklfN6KDZ8j9mj9UIlSJ4sJbyI="],"block_size":4096,"path":"images/flags/GHA.png"},{"block_hashes":["6G3MetVVa3IC00scuscuO7C5exn8Q5GaxzIdqUqPOXM="],"block_size":4096,"path":"images/flags/GIB.png"},{"block_hashes":["piFkl8AikaLqmyoE0RE2L9RPYOdU/3TIFWHucwki3Jg="],"block_size":4096,"path":"images/flags/GIN.png"},{"block_hashes":["ZzGx3hle5tLxWRw3u4a8WAakPVWeiBq3HxFiiFI4it0="],"block_size":4096,"path":"images/flags/GLP.png"},{"block_hashes":["j0URsMojPr5l6cQ1sNYgpYvGB3AEacm06kRtK123mVI="],"block_size":4096,"path":"images/flags/GMB.png"},{"block_hashes":["cgU5uGxVWIBjeu9wWv9KLFSXpLXv1jPBg1NxruXWp60="],"block_size":4096,"path":"images/flags/GNB.png"},{"block_hashes":["oVYIKZr97tKTm2h9S+4Q6UQDlfYdaeQCw3qBtPNLxu8="],"block_size":4096,"path":"images/flags/GNQ.png"},{"block_hashes":["VkjSB4dWrgsIQxLEawLYKQXNn7hCYiZ8r8+bcYKKw1g="],"block_size":4096,"path":"images/flags/GRC.png"},{"block_hashes":["hZ02AZO9wxGLE97QvB/pNW3rRCCQ2qkfcAJnA16d/sw="],"block_size":4096,"path":"images/flags/GRD.png"},{"block_hashes":["LvOt3bZ7h80vYWUsxsgHVWvOC2NDOVjMitSbijtP8K4="],"block_size":4096,"path":"images/flags/GRL.png"},{"block_hashes":["C+TUZoceyFuziShVrkmLKnjo/KmSAk7H78wRnQixqEQ="],"block_size":4096,"path":"images/flags/GTM.png"},{"block_hashes":["eaOXk++/ghfvu8hA4bIEH+mVNjpfEvDAHdTRRi5euEI="],"block_size":4096,"path":"images/flags/GUF.png"},{"block_hashes":["txFPlWaMd+YpPLMTi/kImJCJF5w3UBpw/cSe7bc8PUU="],"block_size":4096,"path":"images/flags/GUM.png"},{"block_hashes":["sJ6uHqygWBxHsAZIJQYeOTnuipOMTFHQBLCGg3LxNBM="],"block_size":4096,"path":"images/flags/GUY.png"},{"block_hashes":["IaPFSw9RJD80dH7rL+srJifCkTPm46ihEmt72oFwjas="],"block_size":4096,"path":"images/flags/HKG.png"},{"block_hashes":["p/loO8QkDvlA7j1KrxJ1Fa3TDSWwsheabN7COURjVgM="],"block_size":4096,"path":"images/flags/HMD.png"},{"block_hashes":["/rR8i+8N3lPY9Flv5HkdIajQ6gYKpbROHRbSWDysY+E="],"block_size":4096,"path":"images/flags/HND.png"},{"block_hashes":["tNh+ze7ykELwWyatgfv+zkcpInDrDPsQqxMvGMPOmM0="],"block_size":4096,"path":"images/flags/HRV.png"},{"block_hashes":["S2Dp5lb0T+t7l6CtrFUQf+BD+7wEB5UOKDRR0h0qkFA="],"block_size":4096,"path":"images/flags/HTI.png"},{"block_hashes":["YaLOz4MmqNpzJJkxKgmPidBQ0TVG9iBOYgTeOMVQQ34="],"block_size":4096,"path":"images/flags/HUN.png"},{"block_hashes":["H4XJ6aGg3vCds1tjuario8T5IgLXATImIcjP3fiIAWI="],"block_size":4096,"path":"images/flags/IDN.png"},{"block_hashes":["d4jBgxZzdtXvcPZwgG1AYXrveMBnaUMNVs5GfIyBn7g="],"block_size":4096,"path":"images/flags/IMN.png"},{"block_hashes":["CqdUMyjz/d3parj8fjqLhXMt5X3m6ERHsilklx85nyg="],"block_size":4096,"path":"images/flags/IND.png"},{"block_hashes":["DVgZ/tFUOjFCcsQqCw7FEpCfaQy5g12WMavC+D88PIY="],"block_size":4096,"path":"images/flags/index.html"},{"block_hashes":["AGUwJGQtp66VybVncMh41ILM4b+nR41B6fFavGHhxGw="],"block_size":4096,"path":"images/flags/IOT.png"},{"block_hashes":["wEsecyQ/qzADG80bE7vm/+Xg6THSElpjEuI5BWqXLLQ="],"block_size":4096,"path":"images/flags/IRL.png"},{"block_hashes":["I1Sopp8Fv3sPz8XtL4n6zYvR1pLTRROswGYQNBd4PEQ="],"block_size":4096,"path":"images/flags/IRN.png"},{"block_hashes":["q/EbZxh9SJ2TIcoHSoO/YTsIz5qd6VZf2SMIjlEJarc="],"block_size":4096,"path":"images/flags/IRQ.png"},{"block_hashes":["gjJ3QFBNyqR4KZQn6fZpA7gytoQoPnST1ov+SAhyd5g="],"block_size":4096,"path":"images/flags/ISL.png"},{"block_hashes":["VDLiRPA+OXMVNFGx7IjWSUWVgOq2bi35Nv4vcPL+2CM="],"block_size":4096,"path":"images/flags/ISR.png"},{"block_hashes":["x5kvV9ZxVvmUo4xrtOxy+ldgGihFWNteBlwC3DbunYw="],"block_size":4096,"path":"images/flags/ITA.png"},{"block_hashes":["kiRLJndCu7+85/VI1b1edUSe5Eb1MDKrO+8D5T7H/aE="],"block_size":4096,"path":"images/flags/JAM.png"},{"block_hashes":["A0AVVpbTDoZoewAc5Uo7x3w/Q8kH/DZOr3k8Ivu9mx8="],"block_size":4096,"path":"images/flags/JEY.png"},{"block_hashes":["1dOzwk2m2xscsJjaL4IWqrhaK6BNIIitl0lbu7O5naQ="],"block_size":4096,"path":"images/flags/JOR.png"},{"block_hashes":["XvzoiscijqFZvPf9HMVtc8GUKDlCGHBlJLrA6RUdTGE="],"block_size":4096,"path":"images/flags/JPN.png"},{"block_hashes":["tjnx4eAM8Jc/f+r2czJjAOE95ugwqtXrCJN79W7nfDs="],"block_size":4096,"path":"images/flags/KAZ.png"},{"block_hashes":["OFEqMDio6PQDKqYnFXRjoP6UL5SBWb6tvVwQl0roaoI="],"block_size":4096,"path":"images/flags/KEN.png"},{"block_hashes":["mMrqIyHWdCxXBz1W7AE1p8i7l+Zbn9Bip4wR9CpQLjg="],"block_size":4096,"path":"images/flags/KGZ.png"},{"block_hashes":["XYcGsDLrqJIoq+AYCSPL4URaJ9u4Ems0Cp+koMpBgn4="],"block_size":4096,"path":"images/flags/KHM.png"},{"block_hashes":["ZSFh4zCOJYAokIleS77XeEk+w2ztP6dA2P2DtJX2INA="],"block_size":4096,"path":"images/flags/KIR.png"},{"block_hashes":["FynQQVOuRohEgLyfmV8IUpFRWeGg6cR/rBmTFuvOE1M="],"block_size":4096,"path":"images/flags/KNA.png"},{"block_hashes":["b90kvZazpIK8BY1cm8/W8cZk2Ru9R2WNZaxdhSU19/0="],"block_size":4096,"path":"images/flags/KOR.png"},{"block_hashes":["NFYw69o9ileYvFRHujjGlJIVlpgSibbElMqzHVxD41A="],"block_size":4096,"path":"images/flags/KWT.png"},{"block_hashes":["1W3CWz70r5PxLbK1i3LCk+hdpU2GFdrgCCkKc7220L0="],"block_size":4096,"path":"images/flags/LAO.png"},{"block_hashes":["JO/ATnYeAaxsCuqJQbzjADj+OvQO72Q8LLn5bR76AjA="],"block_size":4096,"path":"images/flags/LBN.png"},{"block_hashes":["AIyu4EbW0U6R7evLdDQxM8RZKipjb1NTXAGsuxdX9eo="],"block_size":4096,"path":"images/flags/LBR.png"},{"block_hashes":["CNdEyyQ7nqhsfZ3i+6jJiFUfv5AH6eOrT9pkMT2+Hnc="],"block_size":4096,"path":"images/flags/LBY.png"},{"block_hashes":["/JVy9jr+3RgIL/icyOnCtRq78JYQo4GTlnK3Y9plXzE="],"block_size":4096,"path":"images/flags/LCA.png"},{"block_hashes":["EjXe8cHWgs6KbA7H5WmXLNJ8cPHHL7DywbplGJWvjqo="],"block_size":4096,"path":"images/flags/LIE.png"},{"block_hashes":["LqFg9aqccVXZsKFQKa/iTkMJKUs7Yfq295RCSBxvPFM="],"block_size":4096,"path":"images/flags/LKA.png"},{"block_hashes":["qRF9wJOkXFW0j6qFSVuOkcSxv4rFLKnnke/jKb0peqk="],"block_size":4096,"path":"images/flags/LSO.png"},{"block_hashes":["I93QwjME9xXnxeR/iTr7yCejUE7G9vgotNC+uT6vvWI="],"block_size":4096,"path":"images/flags/LTU.png"},{"block_hashes":["b17ya5vrrTxcZXJTPSN2Hir6RjcqmzUL0IIUq9oZraQ="],"block_size":4096,"path":"images/flags/LUX.png"},{"block_hashes":["AVPZ9y3NVWPa7dJ/fgQHruPzn+906NdZUXd9qYbgUlc="],"block_size":4096,"path":"images/flags/LVA.png"},{"block_hashes":["Z5E2pInDc8gKS4d3QRr4glaQT9snbooViF9fUrrKHbw="],"block_size":4096,"path":"images/flags/MAC.png"},{"block_hashes":["eaOXk++/ghfvu8hA4bIEH+mVNjpfEvDAHdTRRi5euEI="],"block_size":4096,"path":"images/flags/MAF.png"},{"block_hashes":["YbSRjgkE9YoRP3EyNmsa2dRY3FMRxQXzublLhFhiDuI="],"block_size":4096,"path":"images/flags/MAR.png"},{"block_hashes":["0p+UXbqEE+tRDUK4tL/k4r3yvYEVglTEJ50FbLDUteI="],"block_size":4096,"path":"images/flags/MCO.png"},{"block_hashes":["C04VWI3nsTcLmu2wzWQrU+y1NSvObGRuBmNMec7PeH4="],"block_size":4096,"path":"images/flags/MDA.png"},{"block_hashes":["zeTxMWbFqMp5SXe2KRHlZ833u2tCDJNPDFsoTfgcJcI="],"block_size":4096,"path":"images/flags/MDG.png"},{"block_hashes":["2Vo484JTI+i8ZbvkC8AJLFab2INez17HwV0kRrsvt8g="],"block_size":4096,"path":"images/flags/MDV.png"},{"block_hashes":["ZW+wNaVqUKZDExJSexBvZcfgO7hxF3gBjI3EZtHURe4="],"block_size":4096,"path":"images/flags/MEX.png"},{"block_hashes":["LJDpR7CxIIeULJLWmvuYr1fm3h5ayyBZhU2RgXw7IXY="],"block_size":4096,"path":"images/flags/MHL.png"},{"block_hashes":["PEf+g4yrn1Z4iYb21GsLV7zDG35zZfbRUr0z3YxXxIw="],"block_size":4096,"path":"images/flags/MKD.png"},{"block_hashes":["sKOkA+pZC+dTeI3mNK9MVX0Frk0rmec5lTII0k6ysaw="],"block_size":4096,"path":"images/flags/MLI.png"},{"block_hashes":["ogyKNeQgBMkE4aBhFallexcNgJDr4m6WWSE54cip41g="],"block_size":4096,"path":"images/flags/MLT.png"},{"block_hashes":["7LHedn6XrgTMj8ZG8KUzBpu29eh+Z8jP8T/IyIeZ1qk="],"block_size":4096,"path":"images/flags/MMR.png"},{"block_hashes":["0l2ma9MYtRRY93UUcnCQjaqPmNe0qtU2cWYmP7l/w1Q="],"block_size":4096,"path":"images/flags/MNE.png"},{"block_hashes":["xuZ0HWdztZkSnrXq0HPYzVxZOGqrh+gPLn0Ln/4q5QU="],"block_size":4096,"path":"images/flags/MNG.png"},{"block_hashes":["YE0wk3XDHakdznBgN/Sz8QR/0E6C7trMnYBPSruqcOI="],"block_size":4096,"path":"images/flags/MNP.png"},{"block_hashes":["pCHJgXGSyCl+YrA9RTCa6jZyyPVXREO6t5iCL05YFaE="],"block_size":4096,"path":"images/flags/MOZ.png"},{"block_hashes":["p084InrsdSMkwFLp3RhREidIgBzOx6717PuqD5Q5Dow="],"block_size":4096,"path":"images/flags/MRT.png"},{"block_hashes":["MZR5SLa6OJCTRKCglcGyDbw1MqhpTEyYsNBll2wXIoA="],"block_size":4096,"path":"images/flags/MSR.png"},{"block_hashes":["mQgJskp51g3fnCLVVfTJnKU6KgZ3Pg2i20kFqjUQQFY="],"block_size":4096,"path":"images/flags/MTQ.png"},{"block_hashes":["WvneAbBHXw+eftlC1Blt5ubuAYovJKUWLj3Lgz5c09Q="],"block_size":4096,"path":"images/flags/MUS.png"},{"block_hashes":["vhwXCEbCNOkK2LQADuOtMk1STYsx53AVQKjNafBmbbc="],"block_size":4096,"path":"images/flags/MWI.png"},{"block_hashes":["Hnhmkl8ODTUPLHSqisNUK+bpCzwr48f2sboLZBtT3p0="],"block_size":4096,"path":"images/flags/MYS.png"},{"block_hashes":["2n1lwEiWm4bTgV7UITQzZgnJ6NWurQoYGUwCXK9kwBk="],"block_size":4096,"path":"images/flags/MYT.png"},{"block_hashes":["uN/jnB6+S6F0hAunFwoWCkjyszTuhOpPOdiUpuVMGew="],"block_size":4096,"path":"images/flags/NAM.png"},{"block_hashes":["NCaPiK8lk2jRl+DNxUSO5tKScE83eUzxouZf+GQ/YWE="],"block_size":4096,"path":"images/flags/NCL.png"},{"block_hashes":["2b++oY7GswLcOQP4suaOFTVLZWijnC+eOLHBT5EM4iU="],"block_size":4096,"path":"images/flags/NER.png"},{"block_hashes":["KKcwVZhd1VNgUTtdF4trcizpAAye42fL5h2LtxeShQE="],"block_size":4096,"path":"images/flags/NFK.png"},{"block_hashes":["TEmWz1ekhD/eGb2LDa8L3gxHH71B4KZOz0X7qy3+/f0="],"block_size":4096,"path":"images/flags/NGA.png"},{"block_hashes":["gFSDUgajWcobnK5QdDmgiPszg0yNqrs/M2v0AEq8Kus="],"block_size":4096,"path":"images/flags/NIC.png"},{"block_hashes":["ff6CIsFswQcL65+hG2yWn/xvdIKDIoiVAnChJbt3TlA="],"block_size":4096,"path":"images/flags/NIU.png"},{"block_hashes":["FUaSiEbuCoN3/TCGXUxDzvUB66fXddSUuY0c5plieko="],"block_size":4096,"path":"images/flags/NLD.png"},{"block_hashes":["+NwwI3HICevaPpGDxgYmRgH43YUdKxh4/SXw9qvimIw="],"block_size":4096,"path":"images/flags/NOR.png"},{"block_hashes":["HltVK9/kwmY/Tih8SdilelYcl9SX9WISqrZ4LpQrMkA="],"block_size":4096,"path":"images/flags/NPL.png"},{"block_hashes":["WNcjRiudaK4Sk7tA9y1KMAb8D0sOuW7AjDDG0Hy8jWk="],"block_size":4096,"path":"images/flags/NRU.png"},{"block_hashes":["CV67pwWrcgMtDBfKOTb3ASpASneKI6aFws+UPyLZiA4="],"block_size":4096,"path":"images/flags/NZL.png"},{"block_hashes":["WVCcQYLwggHyD7ADm6lHffo7MCiuYCBW+GqcyYLw/58="],"block_size":4096,"path":"images/flags/OMN.png"},{"block_hashes":["GYUTkaIqTu4MajvEud7I7C7hXQEzqPfIhE9ZnCYSGfs="],"block_size":4096,"path":"images/flags/PAK.png"},{"block_hashes":["SPxJwwEL0VMN2GBmph1amt2tvzHgIcko2p2gz6DRZfM="],"block_size":4096,"path":"images/flags/PAN.png"},{"block_hashes":["oCp0eRazpe1Sg7YmEliQZAjvESNRUSYn2w8t2le2hsw="],"block_size":4096,"path":"images/flags/PCN.png"},{"block_hashes":["qp7PaafQdmTFA3E2jUtqueH38twx4O82k9j/LLq3Qno="],"block_size":4096,"path":"images/flags/PER.png"},{"block_hashes":["YJ9xI9nSPsQByQuI9nehkSXKJOKJnr4fPHVZhiP90lE="],"block_size":4096,"path":"images/flags/PHL.png"},{"block_hashes":["71zuS2KJrPrmch76EwB28JbWo0gaytcReAFkFrF7ayk="],"block_size":4096,"path":"images/flags/PLW.png"},{"block_hashes":["BM2L4PvSXM2AF/s9mgorURrcIVoWjb/mcThs5qeDyAI="],"block_size":4096,"path":"images/flags/PNG.png"},{"block_hashes":["NPahgi2IBgjnEk0uoOPaTNmzo7O30YFxthAxztvm5y8="],"block_size":4096,"path":"images/flags/POL.png"},{"block_hashes":["T9y/KkqcowwiRR3KJYLGXEc4ifdceNLm4SU6roKsHRo="],"block_size":4096,"path":"images/flags/PRI.png"},{"block_hashes":["a7HZEKtRhuDPVRhJJEL2IxRwkg4iJQrUiielILHTduA="],"block_size":4096,"path":"images/flags/PRK.png"},{"block_hashes":["umNvHLa/0yPawfsHnNACtdSG7V7/VPTEdEuBMWslfpY="],"block_size":4096,"path":"images/flags/PRT.png"},{"block_hashes":["vWCWOy64TVjrAeEYotC6VFPHF+hWSo/bSqEN1rZHMEQ="],"block_size":4096,"path":"images/flags/PRY.png"},{"block_hashes":["5T/ydqRHuZYs6Es4km3R8IjW22U/jpNrXBm/tFhKpog="],"block_size":4096,"path":"images/flags/PSE.png"},{"block_hashes":["g0a/0lW+mci96g5PjWA5rIJNSoXEqXSwz+wkXrnFgxg="],"block_size":4096,"path":"images/flags/PYF.png"},{"block_hashes":["FApWnY7WOlkAUyOm4GtwSpCHQcF+C0axkbIxbipi4fc="],"block_size":4096,"path":"images/flags/QAT.png"},{"block_hashes":["eaOXk++/ghfvu8hA4bIEH+mVNjpfEvDAHdTRRi5euEI="],"block_size":4096,"path":"images/flags/REU.png"},{"block_hashes":["D4OrzKfwc2iBnjJo1C8WHtq87ktWMpxn3pN3nB+6PsU="],"block_size":4096,"path":"images/flags/ROM.png"},{"block_hashes":["xulIniXnhUpY25OsxakbPMAj0zpwxJMdzo0u8oaLXpQ="],"block_size":4096,"path":"images/flags/RUS.png"},{"block_hashes":["ng6AueyFxAZmJOoXpQGwzu7VNT3CfPlWIDq4JUJj44E="],"block_size":4096,"path":"images/flags/RWA.png"},{"block_hashes":["ioL5NmsCGFhOcrok7v2/D53WAwSAIZ458Tzx5/6HoDo="],"block_size":4096,"path":"images/flags/SAU.png"},{"block_hashes":["4MvRlgzGYuoFnAQ4uSRJoltnU/raRzSHVUW6D3kJjOI="],"block_size":4096,"path":"images/flags/SDN.png"},{"block_hashes":["y+9CvzkvmDdpvrtvUrFbJGi2M+zawDIEtJL++2lMbZU="],"block_size":4096,"path":"images/flags/SEN.png"},{"block_hashes":["hGhKJQAsyiiMA98Y3AsmNuOKNt/cs9GnplSq0QCe+xc="],"block_size":4096,"path":"images/flags/SGP.png"},{"block_hashes":["H50FB96I764VfnXzXCUmX12dPwZXkXj8y79QmHApyT8="],"block_size":4096,"path":"images/flags/SGS.png"},{"block_hashes":["apXGkFqi/An+JC5BfYKxI1DASPYGM34dLMMeOFeci4g="],"block_size":4096,"path":"images/flags/SHN.png"},{"block_hashes":["+NwwI3HICevaPpGDxgYmRgH43YUdKxh4/SXw9qvimIw="],"block_size":4096,"path":"images/flags/SJM.png"},{"block_hashes":["bUoCg2iYkidbl0cEobh+ZaZ69kHYtwNKZhtNu5G9hBY="],"block_size":4096,"path":"images/flags/SLB.png"},{"block_hashes":["BTIkj8KJYR/iJVqpTL7Z3klvn80UTu5vzt0qHrJe5VQ="],"block_size":4096,"path":"images/flags/SLE.png"},{"block_hashes":["lyL2gs2sWEeUkL1K0+KYiq9p//n3PEeV9Yb9ZTfMl68="],"block_size":4096,"path":"images/flags/SLV.png"},{"block_hashes":["lRDv45KhpmGyNccfqu0fWHMLQkcsqg9zp4U7HhDVhNU="],"block_size":4096,"path":"images/flags/SMR.png"},{"block_hashes":["we4qA9fZLtgWCcYQ9ruLHCEeTaMBgWLf8UzuDZbGVFE="],"block_size":4096,"path":"images/flags/SOM.png"},{"block_hashes":["8AcRGlZylU9LSZ75uuEr2edBtwhLvjxVvqb9ZR7mGic="],"block_size":4096,"path":"images/flags/SPM.png"},{"block_hashes":["wvF7U7H5QcOUTf1rsek71sw08OfUmlJI7bBM4Uv1jFw="],"block_size":4096,"path":"images/flags/SRB.png"},{"block_hashes":["dY1X8//7/IOiDAbjhD9IN8skcaAVH2i8CylC9w9irKQ="],"block_size":4096,"path":"images/flags/SSD.png"},{"block_hashes":["NWsq+aBtDbmwXwTFKM98z8pzCQspFICQyiJ/U2Edj7o="],"block_size":4096,"path":"images/flags/STP.png"},{"block_hashes":["8k/cy/8+k2y+vVor7rwwpEzcpq2F53znMwCcqItk/DQ="],"block_size":4096,"path":"images/flags/SUR.png"},{"block_hashes":["361wwafS6aymyOEaWmGxbl9s6L9aKNS0fEeRiazl/7o="],"block_size":4096,"path":"images/flags/SVK.png"},{"block_hashes":["ousC5e4M37KRHirmXLReBw4RbNnEcUIuYslxAkb+cgk="],"block_size":4096,"path":"images/flags/SVN.png"},{"block_hashes":["3Geomg1XAF2tlhoSEyBjleDf2MeCUkmgYR4UC/IR4yM="],"block_size":4096,"path":"images/flags/SWE.png"},{"block_hashes":["OvTXHkccvX2FYwCjbubN5fxNKeZH+Qy5NLDm+C/9wfs="],"block_size":4096,"path":"images/flags/SWZ.png"},{"block_hashes":["N2K7USu5YpXbSPR12d7cIK5U+hLSgPIVXf1o5rlYCEU="],"block_size":4096,"path":"images/flags/SXM.png"},{"block_hashes":["yiCGBkKWj9JndgmOgLET2Lmh1INgg37Y3tlNZbDcmr8="],"block_size":4096,"path":"images/flags/SYC.png"},{"block_hashes":["JMKBHpLCCohSLNmHICC9zi+ILWcYli6sJvX7TJfhTe0="],"block_size":4096,"path":"images/flags/SYR.png"},{"block_hashes":["/Kxq/2RdgEjTlbSh4PQYvk2CPFFSXsvsHWYi5y3pYgo="],"block_size":4096,"path":"images/flags/TCA.png"},{"block_hashes":["Ki4b1R+V1FZ43s1RcB01Qmc/kmP6xb2NCf5scNr2lRE="],"block_size":4096,"path":"images/flags/TCD.png"},{"block_hashes":["laUAx/s58g1cJofhdGJsjK15aTiUN/64JSV+bM482DM="],"block_size":4096,"path":"images/flags/TGO.png"},{"block_hashes":["kwG1MA+hi1D3dFEsNUne1Fv0HDA1nRgkztfMoMx14hY="],"block_size":4096,"path":"images/flags/THA.png"},{"block_hashes":["d2Ywx2t3wEqEqg7bh97LZGZDxT1RmUnfIROlysRZIJU="],"block_size":4096,"path":"images/flags/TJK.png"},{"block_hashes":["ZNK7TrwZ185rMqZA72gxwPNYfFRobjeA5XNhCLJLzBI="],"block_size":4096,"path":"images/flags/TKL.png"},{"block_hashes":["UBL/dEVz7OLtXo9q623okbrgOiFwAUFREXPQqdNaQjc="],"block_size":4096,"path":"images/flags/TKM.png"},{"block_hashes":["jcmITgHrtjtNrpGoLChRckoCw/JABBXLUSZN2Zx6WfI="],"block_size":4096,"path":"images/flags/TLS.png"},{"block_hashes":["jcmITgHrtjtNrpGoLChRckoCw/JABBXLUSZN2Zx6WfI="],"block_size":4096,"path":"images/flags/TMP.png"},{"block_hashes":["8EUJejN0hyEfgL/qozkarJmltUlQOAvTLD0clrUS8Mg="],"block_size":4096,"path":"images/flags/TON.png"},{"block_hashes":["OTrnjFzfZgNtQE9lgiqQq8FoZy0KHFCT5CWc4WBucpg="],"block_size":4096,"path":"images/flags/TTO.png"},{"block_hashes":["+/gALGeF8rw6exB0sbCNb6lgM7Olj242LpDnYWIGTIM="],"block_size":4096,"path":"images/flags/TUN.png"},{"block_hashes":["KS1ZL3+h3y+mU+zB4D1esq5oJ3xt8mT3Yq77ghjiNFQ="],"block_size":4096,"path":"images/flags/TUR.png"},{"block_hashes":["gXcNDU1u52qChr7NANER6h/9MiAmdlH5X1WYmPdrjVg="],"block_size":4096,"path":"images/flags/TUV.png"},{"block_hashes":["5ZwzEEWwEKg/Rq0lxZLPP1QVJxthL8nbjTLPkVhEfcY="],"block_size":4096,"path":"images/flags/TWN.png"},{"block_hashes":["S/CohyRCNIg163y4jK1+95kqtwF8J3coFJMhRBO8PV8="],"block_size":4096,"path":"images/flags/TZA.png"},{"block_hashes":["Qs1am8hAjWc7l/oE5SihlHcvhcLzqnVuE4YEXNqhBTg="],"block_size":4096,"path":"images/flags/UGA.png"},{"block_hashes":["muLyBBeIVcT9spznWgobJYj8PbOnCE0pcVh2us0pNQg="],"block_size":4096,"path":"images/flags/UKR.png"},{"block_hashes":["fGVQWGkabIN9uarDwvhmLY4GpuvT3Ulcym5pGmfBv2Q="],"block_size":4096,"path":"images/flags/UMI.png"},{"block_hashes":["mrTM1Cw4aTMWJrhukHRQLketGdsyU7NZb3Gb2FD/c24="],"block_size":4096,"path":"images/flags/URY.png"},{"block_hashes":["NszlyuPS4ARbKytsv/2tegq6PpmRnMIZu/BXjv3EVYU="],"block_size":4096,"path":"images/flags/USA.png"},{"block_hashes":["oocObpknyf8LgOali5Wts0Y3FPAHM+nD3dO+Gi1dF7U="],"block_size":4096,"path":"images/flags/UZB.png"},{"block_hashes":["TOtS2aYSuAyTHZUwwnOxtgjzK5UH5rcAmkhZnut/k+I="],"block_size":4096,"path":"images/flags/VAT.png"},{"block_hashes":["C/Qs4fSGEI+jKvq6eXbw3qXbvKIEm1WfI9V6BSEktuI="],"block_size":4096,"path":"images/flags/VCT.png"},{"block_hashes":["bQTeEIaxJNWEN1PivVXxN8JTe9R+DV6ixV/zvB2nKTw="],"block_size":4096,"path":"images/flags/VEN.png"},{"block_hashes":["83IK3QlVeCWmUtiZise+34Qjnlua7L3P+zkwODt+RoI="],"block_size":4096,"path":"images/flags/VGB.png"},{"block_hashes":["lD+2CRa0KGKV8y5jL+WgRideXPhOhxGalPf14bQp4FI="],"block_size":4096,"path":"images/flags/VIR.png"},{"block_hashes":["0FqoB4YE9FYNmarPEsgOQAZR5O+bCGCzrUeMLYsI420="],"block_size":4096,"path":"images/flags/VNM.png"},{"block_hashes":["OXea1oSCZ+kDV9N5W7s5be7n8gci+OPWxr4Jim9fNH4="],"block_size":4096,"path":"images/flags/VUT.png"},{"block_hashes":["iT7UzLIzU/WXu36VRO+MN2yJb8T2/lbkyhSqtw5JID4="],"block_size":4096,"path":"images/flags/WLF.png"},{"block_hashes":["NE7u5NclPgQSzvT3ntfXjB+a3AUnXDF0Y6N48XSkdbE="],"block_size":4096,"path":"images/flags/world.png"},{"block_hashes":["frfUj9cvg7W87gzJusnCStQsgZJ+jTNrb9Bf2a76Dcs="],"block_size":4096,"path":"images/flags/WSM.png"},{"block_hashes":["+yK0CpMQNzw+vNnRPGIxPs9ywkp4+5NKyz5oWAZ9vgc="],"block_size":4096,"path":"images/flags/XKX.png"},{"block_hashes":["wnhbsIwYH4cIuaZA/4/hXVq1d5r4CV0RMHVCtvAzQ6M="],"block_size":4096,"path":"images/flags/YEM.png"},{"block_hashes":["TrXnNNvCGRhVS0ncAomAR/v6h6vz6zRCs/vYZtyTBcc="],"block_size":4096,"path":"images/flags/YUG.png"},{"block_hashes":["SBiBZSBcxQfNNsNGWwCyzZfBzDFSCbjwhvIK9gcFXkk="],"block_size":4096,"path":"images/flags/ZAF.png"},{"block_hashes":["eUot+HsJUv/Q+88YyfYfcTz/bPr8xLVRdFIE2TD8GWc="],"block_size":4096,"path":"images/flags/ZMB.png"},{"block_hashes":["tUbVXdM8cEnvm7/ktmXHhUibNHCgTmottP2h/qQD3GI="],"block_size":4096,"path":"images/flags/ZWE.png"},{"block_hashes":["ZXszkw0Hw147NetMeI5l9T9hB+F7XelQeI+2AP6M9GM="],"block_size":4096,"path":"images/local.png"},{"block_hashes":["5S2cgEAjcPepIlOjQojuB75kJLOXuMJJtvyyr0Yq488=","w3g2YShzPaAV6JLV93w5v3Ty8rE+X9+rnQy3orhtyBQ="],"block_size":4096,"path":"images/norton.png"},{"block_hashes":["Cf24fW+lIOHyMmwH+rSpvol+fzXO6v2QY8xY0Zfll9o="],"block_size":4096,"path":"images/rating.png"},{"block_hashes":["Cf24fW+lIOHyMmwH+rSpvol+fzXO6v2QY8xY0Zfll9o="],"block_size":4096,"path":"images/rating0.png"},{"block_hashes":["fjy2yUzxRFhQID0vk3KpM2xsCU281C6KQIRuJF03/pc="],"block_size":4096,"path":"images/rating1.png"},{"block_hashes":["0S1ciVvXZLJx2rejAZILHXND5xdBJZYT3iGSU6lf1pw="],"block_size":4096,"path":"images/rating10.png"},{"block_hashes":["4NGVK7gRbGlb5NK3rj/+Sioz+V4hYBLOhwdVXY+YR4I="],"block_size":4096,"path":"images/rating2.png"},{"block_hashes":["U8dvslaTsahSOEhcaLYgVlvtGz8Y16RB1OGMf8yybqc="],"block_size":4096,"path":"images/rating3.png"},{"block_hashes":["gmFeabdIYSOIi76gwtecSypxRMN63X4PfEEk2KU3o/A="],"block_size":4096,"path":"images/rating4.png"},{"block_hashes":["JH5VYjsRJyDCTMgm/UQTEEsqaX12hLkYfJ33HP8YnoY="],"block_size":4096,"path":"images/rating5.png"},{"block_hashes":["jYwPoLDCCBIpG2UPznbUqHk/NN+6gOm8yntbhuJtENY="],"block_size":4096,"path":"images/rating6.png"},{"block_hashes":["2UNOAve41pxkduK15eEGq86ANzLiIpX59jyXyu0xPbo="],"block_size":4096,"path":"images/rating7.png"},{"block_hashes":["O77Z9A7Rm1d+jyZF9zkbO7vWS9BAGZvbhUKTX6WHga0="],"block_size":4096,"path":"images/rating8.png"},{"block_hashes":["m4W3vdBuEiVaI2XMIr6d0nzi8uCNVcUmy0x0A5r+AvM="],"block_size":4096,"path":"images/rating9.png"},{"block_hashes":["TylrN5K7pDBxhuzgU7XIG5a2uN8OjW3lRyreeo1bqKE=","1kYddI9qRCyU3DmUA2v7UmLljHcf+XwePIoL51C+y/w="],"block_size":4096,"path":"images/review.png"},{"block_hashes":["Evfk4K07LdgrWCkecPIgDxwHCW2hkhuEHojgKktXI9k=","WxbJzFTjhsMza61wm4O9b5R+PKS5hBxhnhBSD3ng/mM="],"block_size":4096,"path":"images/server.png"},{"block_hashes":["CYxL6GEhqRug2dSqcUY0Duz1uo79FOetZG6V9dJevRA="],"block_size":4096,"path":"images/tabs.png"},{"block_hashes":["Mpn057gW1IeeAwRNzw2AshkNMqecKyWtK3spc543pCI="],"block_size":4096,"path":"js/background.min.js"},{"block_hashes":["ptVhx8l1SGbsA+1icx7yqDjY8PpUjRq+/IVhttUzRAQ=","HYexkTdop5t/37dFaDDlxaho4y5xnpFPhvmnChjgRiU=","jrfZz8Qf/8/wa4tf89qUVwtpIqHHz1uRfF90GKQSlZI=","EU2EAifZCq97UkUVhlX7cepgm0KJeYqXLbgD4PvEAfE=","b7GJwuMewgIM6UmVxv81KNCV2toGaha19EsNbqu0FmI=","6ysfdG3OvJ5lzs0bBqsnWtT9Su6PrZ+BgwSdBp5Zqu8=","5UdE5rdqBW93TCYO/OKbJk8I3ESfjdfrwAJpTGIjhO8=","bdaZgvq3JtZnc6dAcmL6TpbXyCX55GfzGf/JOfPAQLA=","u3XMoWa8n3iGRt90j8URtmlcNC8sRZigZcf0937m5wE=","4PhGrrdiGrGBUgNzdt8/3bQeGMsMeMmkad2xytXnrvY=","AIgMdkjwbElzJMrxCCbw8CAKa6xPRwLLa/Ncz2vXtrs=","GUkJ8N4DIgE1nDtrzahKTh4a8pdVUWT0UpAZ+snLQTs=","zOGtpKqSqjxt4LGyC9Zgtrj2FATYU16LE4zkodoa2wQ=","DZUkHDhftudPdP0Zv3CA9XOPAnbCVxSEupTeYUZpuPY=","CL+g4GZ33GnNYVl3WjMN7ZmQJiUn0S0Okuf31cMDPuw=","foj9ZUM9OyU0XFwACtqyzVP5zbob1leretw9pc5KOvc=","ctYgkkDBmhSZup/SnQCWUHuT2VL7fCLhYv0O1n4tXmA=","c6Ugy2mLPW5QYEXf9kVIE/P4ILF1K18lIPCE1MUvNPY=","ds0LzxJ/yayxv+x+8J6rh45+JUfU+0zElWRXQnJnPT0=","ivRCn0WQ/kZ7EIPkBbd7kJATO8S7e0Y5wu8mVAe00AA=","ynvWkFuMK2ImCeYXs+oBV9EsTkfaQnmuxq6D3tyRKJw=","XitSsG/vU2NY6PZIrd+6B66bbTnEUQbrmxrAbeOTWkE=","9B0NI4KT++t6UYywuDuYB8XLR0wZy8NhuEdAxGSf33k=","bAvGo9qzY4Qq5Mj04N6zQVmgNMbIHM4TsB6btayIPXc=","9VgDucKw05ntx/nIGdz644QB3A0eKQ3xw0PcK6Pw2mo=","aFOAci/D6ceh89fAIs9DZCsYm6+dF508SZ8ttQPi6bg=","lOzTuEbySi2YOGtLAkpebC/oWFi4kNtgKFLaC0+reVw=","7VsvEkgK6xrBt0zEtioQyQGhBO7020ymnMLUfTW25GA=","51Uoo28Bo4q8L0mBkhCWl1IpF46xQHYP9ITj7QZ/YFg=","zAZaNkb3m1CXrGSImfdSCZBpPcEjyjD+2MzP4TQRqk8=","F/Du2po71EKAU8kE6LPyBC8liYXWGRE2eT7xWz1jBvk=","JDL42aex1rvV5OrG4QOPD/tnfVDgGNUOeNJXOiJduoA=","NYsZKgptaT6pLCJfh9sN+hTZfnbp0idzgbQEKGpmVc4=","pDu09STbVqrt6CKYmbV11HDPVzRHu3YZHfakX3MeSnI=","zziDctSlcIG+CtrwG5Izvpj1DtaqOoK9K6VJ7nd2Elc="],"block_size":4096,"path":"js/bootstrap.min.css"},{"block_hashes":["pRaUK/cR3+kHsgAp/j1XndvK+XR5P+6r31Md8ie6wDI=","oUCuL6rrD6VK4Fh2ypgrs1obNoKc5rItBCeIsF7blAo=","nAnqMDfC0ODmer2TyxIbA+KAoLbVClQuHbZQmvUi1hA=","m8IyTffFL3WlBoEYRM+jkpM4DhonCavzoohXoiLOzvA=","8+lg3OMBtI6jpQhH03G3o1Tlsz9wfbxM3EjlO3gbQcc=","OGX1Sie1nZgOTyqcISYOJoJlBVbB6SS7gxU55NjMO9s=","wX/OPZ0eXM7tPE0Atu7k8MuCfMymrCrNFCAU4dbniyI=","Y5I3Z1la9HdwZ6Z1kdojxcDCi2lzU+zHlbF9Rq7hJgQ=","jpF/aG3n30ZGEMPVXTixomy1FpLWe5PYlmrSBfFooXY=","crz7lRtRwQhul7ZNy9xkrv4xZ/IRrNSVrM81A4zr8Ck=","9XiKXqZwGpDDC1kJ+gcmtXnS5Af8gzHWt2FStqrqp44=","xwiN2Zlxsuw+PQI6P0KDKQlZkZZp/VnlixDvms8KMtk="],"block_size":4096,"path":"js/bootstrap.min.js"},{"block_hashes":["mYXA3tCpfY3dVtI9vnl/OJAvZ1gFUCmWKPmdpD7w1+Y=","8QpOQgtMsxzKRdP5ez89KTj69orHiNKwrZmDhHTs66U=","p5ffjxKTZvMZ5RW2L9rjZxXoUgEie96k8PgVLPQbyrQ=","gGEnbr6loMywBs7Ciu033Y3tqbnJVcxXPMgJKvefetU=","Ys8IXTD0jnau9BPJWFnoufCkSf1s8Ll/a2dqSbPucFY=","2hr+7Wxk+FrHTySAf7A7Mo6WbV1o1/TvJ+g5iymEWYE=","a97ZS0E3v6QxuGwQ1aWsiL1hBrnFTAm/Gc9LeXR2KTg=","BDCfbWrjsUkVFaH3xtbF1JU2IfN8drJIrpqK0wnlrgQ=","zS520ja7IHCRm1oIO0zqkG4znhPWqNxxgp4ezX5vB4M=","4UB1+yjeRIntjlMAqfmr/O6NxjPfeLUCZN7iCsoBPQ4=","IWm6wgtrtQDMSJke7Z8SigTQcrPdyV5wIs1N+40Pkro=","jveWD2R5vRX88zO9yDconKGEdhX5P3xF/KUU95fpjY4=","NWRMAkuR1VX2TuXKeXWyMcmGQuVVUjRWiHaMMVlujLg=","YA9fPa5Gj8iprCA3SE/ZolmE5rliqv/hYkUz2tVXflo=","KlOMQT8iQ96A6Ct3AYJwYJg+XInv0TzsfzurmHX0ifw=","Fjvf2mtoVotUSQ3fityA8K0qNQWD34PBzjAVVsE7Bek=","jV/KLzvQLfSB1K2WcNrSOs0D9NV6nfy5uVD+E8CGc4E="],"block_size":4096,"path":"js/jquery.min.js"},{"block_hashes":["qaHn1UqjrKooY87ION2bSntvcpJayIFYNCgj0O2c6zc=","QGNu5Zy0gcSiH4O4Yi9seORM5qP77fuwfkNjW99n8TQ=","iS9ueyR522mlu+MGvfeqHkhomEadriD+20WMpJBvBrQ="],"block_size":4096,"path":"js/lscache.js"},{"block_hashes":["IiUEu6+svPJL3u2+GLuOGapQ5mXbaaiPZ5hxfDhuPEA=","LePSP48kFd3o3CdzwfNnPLV7PHG0qVX5QIFfVOr+QQ8=","7FgwHCIvdR0bZEzFUEBPGwgXBhwXBJs1U8ZzcMpzoYc=","CthHN+1Wbm0ecpFOy9ZynjgOSgNxkDB2kf+9l+lj+VY=","UgiB9UxY+y5H46n0m3pHB9IgKjqBAjIJtwrUCs71sd0="],"block_size":4096,"path":"js/popper.min.js"},{"block_hashes":["itDgq9d24Y9MXa4mEIefCGv9y1jEweCeK+zI7J3/NLA=","V4HWR1CKB06FuOGn5Eo4rYaknPToKXkAueqJW1J1TZI=","T0d+pgpzwiqh1OtEDCxLEEqfn3Y4go/++tjm3Np4UWU="],"block_size":4096,"path":"js/popup.min.js"},{"block_hashes":["U6HOSkY+Q7bb0YgcIv9i98vKqbVyXBZ/GXuIw2xwaoI="],"block_size":4096,"path":"popup.html"}],"version":2}